Receta,Personas,Cantidad,Unidad,Ingrediente
Setas a la mexicana. Receta tradicional fácil,4,300,gramos,Setas
Setas a la mexicana. Receta tradicional fácil,4,300,gramos,Nopales
Setas a la mexicana. Receta tradicional fácil,4,1,diente,Ajo
Setas a la mexicana. Receta tradicional fácil,4,3,piezas,Jitomates
Setas a la mexicana. Receta tradicional fácil,4,1,pieza,Cebolla
Setas a la mexicana. Receta tradicional fácil,4,1,pieza,Chile serrano
Setas a la mexicana. Receta tradicional fácil,4,5,ramas,Cilantro
Setas a la mexicana. Receta tradicional fácil,4,2,cucharadas,Mantequilla
Setas a la mexicana. Receta tradicional fácil,4,1,gusto,Sal
Pasta al Chile Guajillo. Receta sencilla,6,3,piezas,Chiles guajillos
Pasta al Chile Guajillo. Receta sencilla,6,5,cucharadas,Aceite de oliva
Pasta al Chile Guajillo. Receta sencilla,6,3,dientes,Ajo
Pasta al Chile Guajillo. Receta sencilla,6,2,cucharadas,Perejil
Pasta al Chile Guajillo. Receta sencilla,6,1/2,taza,Queso parmesano o cotija rallado
Champiñones rellenos de Espinacas. Receta fácil,6,2,dientes,Ajo
Champiñones rellenos de Espinacas. Receta fácil,6,1/4,pieza,Cebolla
Champiñones rellenos de Espinacas. Receta fácil,6,2,cucharadas,Crema
Champiñones rellenos de Espinacas. Receta fácil,6,50,gramos,Queso parmesano
Champiñones rellenos de Espinacas. Receta fácil,6,1,gusto,Sal
Champiñones rellenos de Espinacas. Receta fácil,6,1,gusto,Pimienta negra molida
Champiñones rellenos de Espinacas. Receta fácil,6,1,cucharada,Mantequilla
Champiñones rellenos de Espinacas. Receta fácil,6,1,manojo,Espinaca
Champiñones rellenos de Espinacas. Receta fácil,6,1,pieza,Jitomate
Champiñones rellenos de Espinacas. Receta fácil,6,1,gusto,Nueces en trozos
Pastes de Papa con Carne. Receta mexicana,8,1,gusto,Pimienta negra molida
Pastes de Papa con Carne. Receta mexicana,8,1,taza,Leche
Pastes de Papa con Carne. Receta mexicana,8,3,cucharaditas,Polvo para hornear
Pastes de Papa con Carne. Receta mexicana,8,1,pieza,Huevo
Pastes de Papa con Carne. Receta mexicana,8,3,piezas,Chile serrano
Pastes de Papa con Carne. Receta mexicana,8,1,gusto,Sal
Pastes de Papa con Carne. Receta mexicana,8,4,tazas,Harina de trigo
Pastes de Papa con Carne. Receta mexicana,8,1,cucharadita,Sal
Pastes de Papa con Carne. Receta mexicana,8,1/2,kilo,Carne molida
Pastes de Papa con Carne. Receta mexicana,8,1/2,taza,Manteca vegetal
Pastes de Papa con Carne. Receta mexicana,8,1/2,pieza,Poro
Pastes de Papa con Carne. Receta mexicana,8,2,piezas,Papa blanca
Chicharrón en Salsa de Chipotle. Receta fácil,4,9,piezas,Jitomates
Chicharrón en Salsa de Chipotle. Receta fácil,4,2,dientes,Ajo
Chicharrón en Salsa de Chipotle. Receta fácil,4,1/2,cubo,Caldo de pollo
Pimientos Rellenos Mexicanos. Receta fácil,4,1,cucharada,Sal
Pimientos Rellenos Mexicanos. Receta fácil,4,4,piezas,Pimientos
Pimientos Rellenos Mexicanos. Receta fácil,4,1,cucharada,Aceite de oliva
Pimientos Rellenos Mexicanos. Receta fácil,4,1,pieza,Cebolla
Pimientos Rellenos Mexicanos. Receta fácil,4,2,tazas,Arroz cocido
Pimientos Rellenos Mexicanos. Receta fácil,4,400,gramos,Frijoles negros
Pimientos Rellenos Mexicanos. Receta fácil,4,400,gramos,Jitomates
Pimientos Rellenos Mexicanos. Receta fácil,4,1,cucharadita,Chile en polvo
Pimientos Rellenos Mexicanos. Receta fácil,4,1,cucharadita,Sal de ajo
Pimientos Rellenos Mexicanos. Receta fácil,4,1/2,cucharadita,Comino molido
Pimientos Rellenos Mexicanos. Receta fácil,4,1/2,cucharadita,Sal
Pimientos Rellenos Mexicanos. Receta fácil,4,225,gramos,Queso cotija rallado
Asado de Puerco. Receta mexicana fácil,6,6,piezas,Chile Guajillo
Asado de Puerco. Receta mexicana fácil,6,3,dientes,Ajo
Asado de Puerco. Receta mexicana fácil,6,3/4,kilo,Carne de cerdo
Asado de Puerco. Receta mexicana fácil,6,1,hoja,Laurel
Asado de Puerco. Receta mexicana fácil,6,1/2,cucharadita,Comino molido
Asado de Puerco. Receta mexicana fácil,6,1,gusto,Sal
Asado de Puerco. Receta mexicana fácil,6,1,gusto,Pimienta negra molida
Albóndigas en Salsa Morita. Receta Mexicana,4,1,diente,Ajo
Albóndigas en Salsa Morita. Receta Mexicana,4,5,piezas,Jitomate
Albóndigas en Salsa Morita. Receta Mexicana,4,1/4,pieza,Cebolla
Albóndigas en Salsa Morita. Receta Mexicana,4,4,hojas,Hierbabuena
Albóndigas en Salsa Morita. Receta Mexicana,4,1,taza,Arroz cocido al vapor
Albóndigas en Salsa Morita. Receta Mexicana,4,1/2,pieza,Bolillo
Albóndigas en Salsa Morita. Receta Mexicana,4,6,piezas,Jitomates
Albóndigas en Salsa Morita. Receta Mexicana,4,1/4,pieza,Cebolla
Albóndigas en Salsa Morita. Receta Mexicana,4,1,diente,Ajo
Albóndigas en Salsa Morita. Receta Mexicana,4,2,piezas,Chiles morita
Albóndigas en Salsa Morita. Receta Mexicana,4,1/2,litro,Agua
Albóndigas en Salsa Morita. Receta Mexicana,4,1,cucharada,Aceite
Albóndigas en Salsa Morita. Receta Mexicana,4,1,gusto,Sal
Albóndigas en Salsa Morita. Receta Mexicana,4,1,gusto,Pimienta
Quinoa a la Mexicana. Receta sencilla,6,1,cucharada,Aceite de oliva
Quinoa a la Mexicana. Receta sencilla,6,2,dientes,Ajo
Quinoa a la Mexicana. Receta sencilla,6,1/2,kilo,Jitomate
Quinoa a la Mexicana. Receta sencilla,6,1,gusto,Chiles verdes
Quinoa a la Mexicana. Receta sencilla,6,1,lata,Frijoles cocidos
Quinoa a la Mexicana. Receta sencilla,6,1/2,cucharadita,Comino
Quinoa a la Mexicana. Receta sencilla,6,1/4,pieza,Cebolla
Quinoa a la Mexicana. Receta sencilla,6,1,cucharadita,Sal
Quinoa a la Mexicana. Receta sencilla,6,1/4,taza,Cilantro
Aguacates rellenos de Atún a la Mexicana. Receta fácil,4,2,piezas,Jitomates
Aguacates rellenos de Atún a la Mexicana. Receta fácil,4,1/4,pieza,Cebolla
Aguacates rellenos de Atún a la Mexicana. Receta fácil,4,2,tazas,Espinacas
Aguacates rellenos de Atún a la Mexicana. Receta fácil,4,2,piezas,Aguacates
Aguacates rellenos de Atún a la Mexicana. Receta fácil,4,1,gusto,Sal
Aguacates rellenos de Atún a la Mexicana. Receta fácil,4,1,gusto,Pimienta negra molida
Aguacates rellenos de Atún a la Mexicana. Receta fácil,4,1,gusto,Mayonesa
Tortitas de Papa con Atún. Receta fácil,9,3,piezas,Papas
Tortitas de Papa con Atún. Receta fácil,9,1/2,taza,Queso rallado
Tortitas de Papa con Atún. Receta fácil,9,2,cucharadas,Harina
Tortitas de Papa con Atún. Receta fácil,9,2,ramas,Cilantro
Tortitas de Papa con Atún. Receta fácil,9,1,gusto,Sal
Albóndigas de Espinacas y Queso empanizadas. Receta fácil,6,2,kilos,Espinacas
Albóndigas de Espinacas y Queso empanizadas. Receta fácil,6,200,gramos,Queso
Albóndigas de Espinacas y Queso empanizadas. Receta fácil,6,600,gramos,Jitomates
Albóndigas de Espinacas y Queso empanizadas. Receta fácil,6,6,dientes,Ajo
Albóndigas de Espinacas y Queso empanizadas. Receta fácil,6,50,gramos,Harina de trigo
Albóndigas de Espinacas y Queso empanizadas. Receta fácil,6,10,gramos,Perejil
Albóndigas de Espinacas y Queso empanizadas. Receta fácil,6,1,gusto,Sal
Garbanzos a la Mexicana. Receta fácil,4,1,taza,Garbanzos
Garbanzos a la Mexicana. Receta fácil,4,2,tazas,Agua
Garbanzos a la Mexicana. Receta fácil,4,1,cucharada,Sal
Garbanzos a la Mexicana. Receta fácil,4,1,hoja,Laurel
Garbanzos a la Mexicana. Receta fácil,4,3,cucharadas,Aceite
Garbanzos a la Mexicana. Receta fácil,4,1/2,pieza,Cebolla
Garbanzos a la Mexicana. Receta fácil,4,3,dientes,Ajo
Garbanzos a la Mexicana. Receta fácil,4,3,piezas,Jitomate
Garbanzos a la Mexicana. Receta fácil,4,1,pieza,Chile serrano
Garbanzos a la Mexicana. Receta fácil,4,1,pieza,Calabacita
Garbanzos a la Mexicana. Receta fácil,4,1,taza,Granos de elote
Garbanzos a la Mexicana. Receta fácil,4,1,cucharadita,Sal
Garbanzos a la Mexicana. Receta fácil,4,1/2,cucharadita,Pimienta negra molida
Garbanzos a la Mexicana. Receta fácil,4,150,gramos,Queso panela
Cerdo en Salsa de Cacahuate. Receta mexicana,4,1/4,pieza,Cebolla
Cerdo en Salsa de Cacahuate. Receta mexicana,4,2,dientes,Ajo
Cerdo en Salsa de Cacahuate. Receta mexicana,4,4,piezas,Jitomates
Cerdo en Salsa de Cacahuate. Receta mexicana,4,3,piezas,Chile chipotle
Cerdo en Salsa de Cacahuate. Receta mexicana,4,2,piezas,Chiles anchos
Cerdo en Salsa de Cacahuate. Receta mexicana,4,2,piezas,Pimientas gordas
Cerdo en Salsa de Cacahuate. Receta mexicana,4,1,pizca,Comino
Cerdo en Salsa de Cacahuate. Receta mexicana,4,2,piezas,Clavos de olor
Cerdo en Salsa de Cacahuate. Receta mexicana,4,2,piezas,Papas
Cerdo en Salsa de Cacahuate. Receta mexicana,4,2,cucharadas,Aceite
Cerdo en Salsa de Cacahuate. Receta mexicana,4,100,gramos,Cacahuates
Cerdo en Salsa de Cacahuate. Receta mexicana,4,1,gusto,Sal
Tortitas de Papa y Queso. Receta fácil,9,1,taza,Queso rallado
Tortitas de Papa y Queso. Receta fácil,9,1,pieza,Huevo
Tortitas de Papa y Queso. Receta fácil,9,1,gusto,Sal
Tortitas de Papa y Queso. Receta fácil,9,1,gusto,Pimienta negra molida
Tortitas de Papa y Queso. Receta fácil,9,2,cucharadas,Harina
Albóndigas de Pollo y Verduras. Receta sencilla,4,1/2,kilo,Pechuga de pollo
Albóndigas de Pollo y Verduras. Receta sencilla,4,1,gusto,Sal
Albóndigas de Pollo y Verduras. Receta sencilla,4,1,pizca,Pimienta negra molida
Albóndigas de Pollo y Verduras. Receta sencilla,4,1,gusto,Aceite de oliva
Ensalada de Aguacate mexicana. Receta fácil,4,250,gramos,Tomates cherry
Ensalada de Aguacate mexicana. Receta fácil,4,2,piezas,Elotes
Ensalada de Aguacate mexicana. Receta fácil,4,1,pieza,Aguacate
Ensalada de Aguacate mexicana. Receta fácil,4,1,pieza,Pepino
Ensalada de Aguacate mexicana. Receta fácil,4,2,ramas,Hierbabuena
Ensalada de Aguacate mexicana. Receta fácil,4,4,ramas,Cilantro
Ensalada de Aguacate mexicana. Receta fácil,4,2,cucharadas,Aceite de oliva
Ensalada de Aguacate mexicana. Receta fácil,4,1,gusto,Sal
Ensalada de Aguacate mexicana. Receta fácil,4,1,gusto,Pimienta negra molida
Ensalada de Aguacate mexicana. Receta fácil,4,1/4,pieza,Cebolla
Puerco en Chile Guajillo. Receta mexicana,9,4,dientes,Ajo
Puerco en Chile Guajillo. Receta mexicana,9,6,hojas,Laurel
Puerco en Chile Guajillo. Receta mexicana,9,1,gusto,Sal
Puerco en Chile Guajillo. Receta mexicana,9,1,pieza,Cebolla
Puerco en Chile Guajillo. Receta mexicana,9,3,dientes,Ajo
Puerco en Chile Guajillo. Receta mexicana,9,5,piezas,Chiles Guajillos
Puerco en Chile Guajillo. Receta mexicana,9,1,pieza,Chile ancho
Puerco en Chile Guajillo. Receta mexicana,9,5,hojas,Laurel
Puerco en Chile Guajillo. Receta mexicana,9,1,cucharada,Comino
Puerco en Chile Guajillo. Receta mexicana,9,1,ramo,Epazote
Puerco en Chile Guajillo. Receta mexicana,9,1,cucharadita,Sal
Tortitas de Verduras. Receta sencilla,4,2,piezas,Papa
Tortitas de Verduras. Receta sencilla,4,4,piezas,Zanahoria
Tortitas de Verduras. Receta sencilla,4,3,piezas,Calabacita
Tortitas de Verduras. Receta sencilla,4,2,piezas,Huevos
Tortitas de Verduras. Receta sencilla,4,1,gusto,Sal
Tortitas de Verduras. Receta sencilla,4,1,gusto,Pimienta negra molida
Tortitas de Verduras. Receta sencilla,4,2,ramas,Perejil
Tortitas de Verduras. Receta sencilla,4,1/2,pieza,Cebolla
Tortitas de Verduras. Receta sencilla,4,1/2,taza,Harina
Albóndigas en Salsa Verde. Receta mexicana,4,1/2,kilo,Carne molida de res
Albóndigas en Salsa Verde. Receta mexicana,4,1,taza,Arroz cocido
Albóndigas en Salsa Verde. Receta mexicana,4,1,pizca,Comino en polvo
Albóndigas en Salsa Verde. Receta mexicana,4,1,cucharadita,Ajo en polvo
Albóndigas en Salsa Verde. Receta mexicana,4,1,litro,Salsa verde
Albóndigas en Salsa Verde. Receta mexicana,4,1,cucharada,Aceite
Albóndigas en Salsa Verde. Receta mexicana,4,1,gusto,Sal
Albóndigas en Salsa Verde. Receta mexicana,4,1,gusto,Pimienta negra molida
Ensalada de Nopales. Receta mexicana fácil,3,3,piezas,Nopal
Ensalada de Nopales. Receta mexicana fácil,3,2,piezas,Jitomate
Ensalada de Nopales. Receta mexicana fácil,3,1/4,pieza,Cebolla
Ensalada de Nopales. Receta mexicana fácil,3,4,ramas,Cilantro
Ensalada de Nopales. Receta mexicana fácil,3,1,gusto,Sal
Ensalada de Nopales. Receta mexicana fácil,3,1,gusto,Bicarbonato
Ensalada de Nopales. Receta mexicana fácil,3,1,taza,Hielo
Ensalada de Nopales. Receta mexicana fácil,3,1,gusto,Pimienta negra molida
Ensalada de Nopales. Receta mexicana fácil,3,150,gramos,Queso panela
Bisteces en Salsa de cacahuate. Receta fácil,4,1/2,kilo,Bisteces de res
Bisteces en Salsa de cacahuate. Receta fácil,4,1/4,kilo,Cacahuate tostado
Bisteces en Salsa de cacahuate. Receta fácil,4,125,gramos,Chile guajillo ancho
Bisteces en Salsa de cacahuate. Receta fácil,4,1,diente,Ajo
Bisteces en Salsa de cacahuate. Receta fácil,4,1/4,pieza,Cebolla
Bisteces en Salsa de cacahuate. Receta fácil,4,1,gusto,Sal
Nopales con Papa. Receta mexicana sencilla,4,1,diente,Ajo
Nopales con Papa. Receta mexicana sencilla,4,2,piezas,Jitomate
Nopales con Papa. Receta mexicana sencilla,4,1,pieza,Chile rojo
Nopales con Papa. Receta mexicana sencilla,4,1/2,pieza,Cilantro
Nopales con Papa. Receta mexicana sencilla,4,1,gusto,Sal
Nopales con Papa. Receta mexicana sencilla,4,1,gusto,Aceite
Nopales con Papa. Receta mexicana sencilla,4,1,gusto,Pimiente negra molida
Nopales con Papa. Receta mexicana sencilla,4,1,pizca,Bicarbonato de sodio
Albóndigas de espinacas y queso. Receta fácil,4,300,gramos,Espinacas
Albóndigas de espinacas y queso. Receta fácil,4,150,gramos,Queso rallado
Albóndigas de espinacas y queso. Receta fácil,4,1,cucharada,Mantequilla
Albóndigas de espinacas y queso. Receta fácil,4,1,gusto,Sal
Albóndigas de espinacas y queso. Receta fácil,4,1,gusto,Pimienta negra molida
Albóndigas de espinacas y queso. Receta fácil,4,1,gusto,Ajo en polvo
Albóndigas de espinacas y queso. Receta fácil,4,1,gusto,Nuez moscada
Albóndigas de espinacas y queso. Receta fácil,4,50,gramos,Queso rallado
Asado de Res rojo. Receta mexicana fácil,4,1/2,cucharadita,Comino
Asado de Res rojo. Receta mexicana fácil,4,6,piezas,Chiles guajillos
Asado de Res rojo. Receta mexicana fácil,4,2,dientes,Ajo
Asado de Res rojo. Receta mexicana fácil,4,2,piezas,Jitomates
Asado de Res rojo. Receta mexicana fácil,4,1,cucharada,Aceite
Asado de Res rojo. Receta mexicana fácil,4,1,taza,Caldo de pollo
Nopales con Chorizo. Receta sencilla,4,500,gramos,Chorizo
Nopales con Chorizo. Receta sencilla,4,2,dientes,Ajo
Nopales con Chorizo. Receta sencilla,4,1,pieza,Aguacate
Nopales con Chorizo. Receta sencilla,4,200,gramos,Queso panela
Nopales con Chorizo. Receta sencilla,4,1,gusto,Sal
Nopales con Chorizo. Receta sencilla,4,1,gusto,Pimienta negra molida
Aguacates rellenos de Pollo. Receta fácil,3,3,piezas,Aguacates
Aguacates rellenos de Pollo. Receta fácil,3,1,pieza,Cebolla
Aguacates rellenos de Pollo. Receta fácil,3,1,gusto,Queso Oaxaca o cotija rallado
Aguacates rellenos de Pollo. Receta fácil,3,1,gusto,Aceite
Aguacates rellenos de Pollo. Receta fácil,3,1,gusto,Sal
Aguacates rellenos de Pollo. Receta fácil,3,1,gusto,Pimienta negra molida
Huazontles Capeados en Salsa. Receta fácil,4,1/2,kilo,Jitomate
Huazontles Capeados en Salsa. Receta fácil,4,1/2,pieza,Cebolla
Huazontles Capeados en Salsa. Receta fácil,4,2,ramas,Epazote
Huazontles Capeados en Salsa. Receta fácil,4,2,dientes,Ajo
Huazontles Capeados en Salsa. Receta fácil,4,2,tazas,Caldo de pollo
Huazontles Capeados en Salsa. Receta fácil,4,1,gusto,Sal
Huazontles Capeados en Salsa. Receta fácil,4,1,gusto,Pimienta negra molida
Huazontles Capeados en Salsa. Receta fácil,4,1,kilo,Huazontles
Huazontles Capeados en Salsa. Receta fácil,4,300,gramos,Queso panela
Huazontles Capeados en Salsa. Receta fácil,4,1,taza,Harina
Huazontles Capeados en Salsa. Receta fácil,4,5,piezas,Huevos
Huazontles Capeados en Salsa. Receta fácil,4,1,gusto,Sal
Huazontles Capeados en Salsa. Receta fácil,4,1,gusto,Pimienta negra molida
Huazontles Capeados en Salsa. Receta fácil,4,1,gusto,Queso rallado
Huazontles Capeados en Salsa. Receta fácil,4,1/2,kilo,Tortillas calientes
Huazontles Capeados en Salsa. Receta fácil,4,2,tazas,Frijoles de olla
Chicharrón prensado para antojitos mexicanos. Receta fácil,8,2,cucharadas,Aceite
Chicharrón prensado para antojitos mexicanos. Receta fácil,8,5,piezas,Jitomates
Chicharrón prensado para antojitos mexicanos. Receta fácil,8,10,piezas,Chiles guajillos
Chicharrón prensado para antojitos mexicanos. Receta fácil,8,1/4,pieza,Cebolla picada
Chicharrón prensado para antojitos mexicanos. Receta fácil,8,2,dientes,Ajo
Chicharrón prensado para antojitos mexicanos. Receta fácil,8,1,hoja,Laurel
Chicharrón prensado para antojitos mexicanos. Receta fácil,8,2,piezas,Clavos de olor
Chicharrón prensado para antojitos mexicanos. Receta fácil,8,2,piezas,Pimienta
Chicharrón prensado para antojitos mexicanos. Receta fácil,8,2,tazas,Agua
Moronga. Receta mexicana fácil,4,1,kilo,Moronga
Moronga. Receta mexicana fácil,4,1/2,pieza,Cebolla
Moronga. Receta mexicana fácil,4,2,dientes,Ajo
Moronga. Receta mexicana fácil,4,4,piezas,Jitomates
Moronga. Receta mexicana fácil,4,2,hojas,Epazote
Moronga. Receta mexicana fácil,4,2,cucharadas,Aceite
Moronga. Receta mexicana fácil,4,1,gusto,Sal
Moronga. Receta mexicana fácil,4,1,gusto,Pimienta negra molida
Albóndigas de garbanzos. Receta fácil,4,1,taza,Agua
Albóndigas de garbanzos. Receta fácil,4,1/2,taza,Arroz
Albóndigas de garbanzos. Receta fácil,4,2,cucharadas,Aceite
Albóndigas de garbanzos. Receta fácil,4,1,diente,Ajo
Albóndigas de garbanzos. Receta fácil,4,1,pieza,Chile rojo
Albóndigas de garbanzos. Receta fácil,4,1,yema,Huevo
Albóndigas de garbanzos. Receta fácil,4,3,cucharadas,Cilantro
Albóndigas de garbanzos. Receta fácil,4,1,gusto,Sal
Albóndigas de garbanzos. Receta fácil,4,1,gusto,Pimienta negra molida
Carnitas estilo Michoacán. Receta mexicana,9,6,kilos,Manteca de cerdo
Carnitas estilo Michoacán. Receta mexicana,9,4,naranjas,Jugo
Carnitas estilo Michoacán. Receta mexicana,9,4,litros,Agua
Carnitas estilo Michoacán. Receta mexicana,9,1,taza,Refresco de naranja
Carnitas estilo Michoacán. Receta mexicana,9,1,gusto,Sal de mar
Carnitas estilo Michoacán. Receta mexicana,9,8,granos,Pimienta gorda
Carnitas estilo Michoacán. Receta mexicana,9,1,racimo,Hierbas de olor frescas
Carne de cerdo entomatada. Receta mexicana,4,2,piezas,Cebollas
Carne de cerdo entomatada. Receta mexicana,4,3,piezas,Chiles secos
Carne de cerdo entomatada. Receta mexicana,4,3/4,kilo,Tomates verdes
Carne de cerdo entomatada. Receta mexicana,4,1,cucharada,Aceite
Carne de cerdo entomatada. Receta mexicana,4,1,gusto,Sal
Carne de cerdo entomatada. Receta mexicana,4,2,ramas,Cilantro
Albóndigas con champiñones. Receta fácil,5,1,kilo,Carne de res molida
Albóndigas con champiñones. Receta fácil,5,1,pieza,Huevo
Albóndigas con champiñones. Receta fácil,5,1/2,pieza,Cebolla
Albóndigas con champiñones. Receta fácil,5,2,dientes,Ajo
Albóndigas con champiñones. Receta fácil,5,1,cucharada,Harina
Albóndigas con champiñones. Receta fácil,5,2,cucharadas,Aceite vegetal
Albóndigas con champiñones. Receta fácil,5,2,tazas,Caldo de res
Albóndigas con champiñones. Receta fácil,5,1,gusto,Sal
Albóndigas con champiñones. Receta fácil,5,1,gusto,Pimienta negra molida
Albóndigas con champiñones. Receta fácil,5,1,taza,Leche
Espinazo con verdolagas. Receta mexicana,8,3,kilos,Verdolagas
Espinazo con verdolagas. Receta mexicana,8,1/2,kilo,Jitomate
Espinazo con verdolagas. Receta mexicana,8,150,gramos,Chile guajillo
Espinazo con verdolagas. Receta mexicana,8,1,gusto,Sal
Milanesas de frijoles. Receta sencilla vegana,2,200,gramos,Frijoles pintos
Milanesas de frijoles. Receta sencilla vegana,2,1/3,pieza,Cebolla
Milanesas de frijoles. Receta sencilla vegana,2,1,pieza,Zanahoria
Milanesas de frijoles. Receta sencilla vegana,2,1,pieza,Calabacita
Albóndigas en salsa de queso. Receta sencilla,4,250,gramos,Carne molida de cerdo
Albóndigas en salsa de queso. Receta sencilla,4,1/2,pieza,Cebolla
Albóndigas en salsa de queso. Receta sencilla,4,2,dientes,Ajo
Albóndigas en salsa de queso. Receta sencilla,4,4,ramas,Perejil fresco
Albóndigas en salsa de queso. Receta sencilla,4,1,pieza,Huevo
Albóndigas en salsa de queso. Receta sencilla,4,1,gusto,Aceite de oliva extra virgen
Albóndigas en salsa de queso. Receta sencilla,4,200,ml,Media crema
Albóndigas en salsa de queso. Receta sencilla,4,200,gramos,Queso de cabra
Albóndigas en salsa de queso. Receta sencilla,4,1,gusto,Sal
Albóndigas en salsa de queso. Receta sencilla,4,1,gusto,Pimienta negra molida
Champiñones rellenos con jamón y queso. Receta fácil,4,3,dientes,Ajo
Champiñones rellenos con jamón y queso. Receta fácil,4,50,gramos,Queso rallado manchego
Champiñones rellenos con jamón y queso. Receta fácil,4,1,gusto,Perejil picado
Champiñones rellenos con jamón y queso. Receta fácil,4,1,gusto,Aceite de oliva
Champiñones rellenos con jamón y queso. Receta fácil,4,1,gusto,Sal
Champiñones rellenos con jamón y queso. Receta fácil,4,1,gusto,Pimienta negra molida
Relleno de puerco estilo Guerrero. Receta mexicana,9,1,cucharadita,Pimienta ngera
Relleno de puerco estilo Guerrero. Receta mexicana,9,1,cucharadita,Clavo
Relleno de puerco estilo Guerrero. Receta mexicana,9,1,cucharadita,Tomillo
Relleno de puerco estilo Guerrero. Receta mexicana,9,1,cucharadita,Chile ancho en polvo
Relleno de puerco estilo Guerrero. Receta mexicana,9,1,kilo,Jitomate
Relleno de puerco estilo Guerrero. Receta mexicana,9,1/2,kilo,Cebolla
Relleno de puerco estilo Guerrero. Receta mexicana,9,1/2,kilo,Papa
Relleno de puerco estilo Guerrero. Receta mexicana,9,1/2,cabeza,Ajo
Relleno de puerco estilo Guerrero. Receta mexicana,9,250,gramos,Zanahoria
Relleno de puerco estilo Guerrero. Receta mexicana,9,1/2,taza,Vinagre de manzana
Relleno de puerco estilo Guerrero. Receta mexicana,9,1,gusto,Ciruelas pasas
Relleno de puerco estilo Guerrero. Receta mexicana,9,5,hojas,Laurel
Relleno de puerco estilo Guerrero. Receta mexicana,9,8,piezas,Chiles en vinagre
Relleno de puerco estilo Guerrero. Receta mexicana,9,1,gusto,Sal
Relleno de puerco estilo Guerrero. Receta mexicana,9,1,gusto,Pimienta negra molida
Relleno de puerco estilo Guerrero. Receta mexicana,9,20,piezas,Bolillos
Champiñones rellenos con jitomate y queso. Receta fácil,4,1,pieza,Jitomate
Champiñones rellenos con jitomate y queso. Receta fácil,4,1,cucharada,Aceite de oliva
Champiñones rellenos con jitomate y queso. Receta fácil,4,1/2,cucharada,Romero fresco picado
Champiñones rellenos con jitomate y queso. Receta fácil,4,1,diente,Ajo
Champiñones rellenos con jitomate y queso. Receta fácil,4,1,gusto,Pimienta negra molida
Champiñones rellenos con jitomate y queso. Receta fácil,4,1,cucharada,Perejil picado
Champiñones rellenos con jitomate y queso. Receta fácil,4,1,gusto,Sal
Pimientos rellenos de vegetales. Receta fácil,6,6,piezas,Pimientos morrones rojos
Pimientos rellenos de vegetales. Receta fácil,6,3,dientes,Ajo
Pimientos rellenos de vegetales. Receta fácil,6,350,gramos,Calabaza
Pimientos rellenos de vegetales. Receta fácil,6,1,ramita,Cebolleta
Pimientos rellenos de vegetales. Receta fácil,6,100,gramos,Queso fresco
Pimientos rellenos de vegetales. Receta fácil,6,1,gusto,Pimienta negra molida
Pimientos rellenos de vegetales. Receta fácil,6,3,piezas,Huevos
Pimientos rellenos de vegetales. Receta fácil,6,1,gusto,Sal
Pimientos rellenos de vegetales. Receta fácil,6,2,cucharadas,Aceite de oliva
Bisteces rojos con papa. Receta sencilla,6,1,kilo,Bisteces de res
Bisteces rojos con papa. Receta sencilla,6,1/2,kilo,Papas
Bisteces rojos con papa. Receta sencilla,6,1/2,kilo,Jitomate
Bisteces rojos con papa. Receta sencilla,6,1,cucharada,Aceite
Bisteces rojos con papa. Receta sencilla,6,1,pieza,Cebolla
Bisteces rojos con papa. Receta sencilla,6,1,pizca,Sal
Bisteces rojos con papa. Receta sencilla,6,1,diente,Ajo
Bisteces rojos con papa. Receta sencilla,6,1,pizca,Pimienta negra molida
Bisteces rojos con papa. Receta sencilla,6,2,piezas,Chile serrano
Bisteces rojos con papa. Receta sencilla,6,2,piezas,Chile guajillo
Asado de bodas. Receta mexicana,8,1,pieza,Cebolla
Asado de bodas. Receta mexicana,8,1,rama,Tomillo
Asado de bodas. Receta mexicana,8,1,hoja,Laurel
Asado de bodas. Receta mexicana,8,3,cucharadas,Manteca de cerdo
Asado de bodas. Receta mexicana,8,1,kilo,Tomatillo
Asado de bodas. Receta mexicana,8,200,gramos,Chile ancho
Asado de bodas. Receta mexicana,8,2,dientes,Ajo
Asado de bodas. Receta mexicana,8,2,hojitas,Laurel
Asado de bodas. Receta mexicana,8,2,ramitas,Tomillo
Asado de bodas. Receta mexicana,8,1,cucharada,Ralladura de naranja
Asado de bodas. Receta mexicana,8,1,rajita,Canela
Asado de bodas. Receta mexicana,8,1,pizca,Comino
Asado de bodas. Receta mexicana,8,1,gusto,Sal
Ropa vieja estilo mexicano. Receta fácil,4,1,kilo,Jitomate
Ropa vieja estilo mexicano. Receta fácil,4,1,pieza,Cebolla
Ropa vieja estilo mexicano. Receta fácil,4,4,dientes,Ajos
Ropa vieja estilo mexicano. Receta fácil,4,1,hoja,Laurel
Ropa vieja estilo mexicano. Receta fácil,4,1,gusto,Comino molido
Ropa vieja estilo mexicano. Receta fácil,4,1,pieza,Pimiento rojo
Ropa vieja estilo mexicano. Receta fácil,4,2,piezas,Papas
Ropa vieja estilo mexicano. Receta fácil,4,1,gusto,Caldo de carne
Ropa vieja estilo mexicano. Receta fácil,4,1/4,manojo,Cilantro
Ropa vieja estilo mexicano. Receta fácil,4,1,kilo,Carne de falda de res
Ropa vieja estilo mexicano. Receta fácil,4,1,gusto,Sal
Ropa vieja estilo mexicano. Receta fácil,4,1,diente,Ajo
Ropa vieja estilo mexicano. Receta fácil,4,1,hoja,Laurel
Chicharrón en salsa roja con nopales. Receta fácil,4,1,pieza,Cebolla
Chicharrón en salsa roja con nopales. Receta fácil,4,4,piezas,Jitomates
Chicharrón en salsa roja con nopales. Receta fácil,4,2,piezas,Chiles serranos
Chicharrón en salsa roja con nopales. Receta fácil,4,2,dientes,Ajos
Chicharrón en salsa roja con nopales. Receta fácil,4,1/2,taza,Caldo de pollo
Chicharrón en salsa roja con nopales. Receta fácil,4,2,cucharadas,Aceite vegetal
Chicharrón en salsa roja con nopales. Receta fácil,4,2,piezas,Nopal
Chicharrón en salsa roja con nopales. Receta fácil,4,1,pieza,Papa
Chicharrón en salsa roja con nopales. Receta fácil,4,1/2,taza,Cilantro
Chicharrón en salsa roja con nopales. Receta fácil,4,1,gusto,Sal
Chicharrón en salsa roja con nopales. Receta fácil,4,1,gusto,Pimienta negra molida
Bisteces en chile pasilla. Receta mexicana,4,3,piezas,Chiles pasillas
Bisteces en chile pasilla. Receta mexicana,4,1/2,pieza,Cebolla
Bisteces en chile pasilla. Receta mexicana,4,300,gramos,Tomates verdes
Bisteces en chile pasilla. Receta mexicana,4,2,cucharadas,Aceite
Bisteces en chile pasilla. Receta mexicana,4,1/2,kilo,Bictec de res en fajitas
Bisteces en chile pasilla. Receta mexicana,4,1,taza,Caldo de pollo
Bisteces en chile pasilla. Receta mexicana,4,2,piezas,Nopales
Bisteces en chile pasilla. Receta mexicana,4,1,gusto,Sal
Bisteces en chile pasilla. Receta mexicana,4,1,gusto,Pimienta negra molida
Croquetas de champiñones con queso. Receta mexicana,4,1/2,taza,Leche
Croquetas de champiñones con queso. Receta mexicana,4,1,pieza,Cebolla
Croquetas de champiñones con queso. Receta mexicana,4,2,cucharadas,Harina
Croquetas de champiñones con queso. Receta mexicana,4,1,pieza,Huevo
Croquetas de champiñones con queso. Receta mexicana,4,1,gusto,Sal
Croquetas de champiñones con queso. Receta mexicana,4,1,gusto,Pimienta negra molida
Croquetas de champiñones con queso. Receta mexicana,4,1,gusto,Aceite
Croquetas de champiñones con queso. Receta mexicana,4,1,taza,Queso manchego rallado
Aguacate relleno de jitomate. Receta sencilla,6,2,tazas,Amaranto
Aguacate relleno de jitomate. Receta sencilla,6,1,pieza,Jitomate
Aguacate relleno de jitomate. Receta sencilla,6,1/4,manojo,Cilantro
Aguacate relleno de jitomate. Receta sencilla,6,1,gusto,Sal
Aguacate relleno de jitomate. Receta sencilla,6,1,gusto,Pimienta negra molida
Aguacate relleno de jitomate. Receta sencilla,6,3,piezas,Aguacate
Estofado de res. Receta mexicana fácil,6,800,gramos,Lomo de res
Estofado de res. Receta mexicana fácil,6,3/4,pieza,Cebolla
Estofado de res. Receta mexicana fácil,6,4,dientes,Ajo
Estofado de res. Receta mexicana fácil,6,1,rama,Tomillo fresco
Estofado de res. Receta mexicana fácil,6,1,hoja,Laurel fresco
Estofado de res. Receta mexicana fácil,6,1,rama,Mejora fresca
Estofado de res. Receta mexicana fácil,6,1,kilo,Jitomate
Estofado de res. Receta mexicana fácil,6,1/4,cucharadita,Pimienta negra molida
Estofado de res. Receta mexicana fácil,6,1/2,cucharadita,Tomillo seco
Estofado de res. Receta mexicana fácil,6,1/2,cucharadita,Mejorana seca
Estofado de res. Receta mexicana fácil,6,1,pizca,Romero seco
Estofado de res. Receta mexicana fácil,6,1,pizca,Laurel seco
Estofado de res. Receta mexicana fácil,6,1/2,kilo,Papas cambray cocidas
Estofado de res. Receta mexicana fácil,6,1,cucharadita,Sal
Estofado de res. Receta mexicana fácil,6,1,gusto,Aceite
Lomo de cerdo en salsa de ciruela. Receta mexicana,8,2,cucharadas,Aceite de canola
Lomo de cerdo en salsa de ciruela. Receta mexicana,8,1,cucharada,Sal de ajo
Lomo de cerdo en salsa de ciruela. Receta mexicana,8,1,taza,Ciruela pasa sin hueso
Lomo de cerdo en salsa de ciruela. Receta mexicana,8,1/4,taza,Jugo de naranja
Lomo de cerdo en salsa de ciruela. Receta mexicana,8,1,taza,Caldo de pollo
Lomo de cerdo en salsa de ciruela. Receta mexicana,8,2,ramas,Romero fresco
Lomo de cerdo en salsa de ciruela. Receta mexicana,8,1,pizca,Sal
Lomo de cerdo en salsa de ciruela. Receta mexicana,8,1,pizca,Pimienta negra molida
Pavo relleno. Receta de comida mexicana,9,1,botella,Vino blanco
Pavo relleno. Receta de comida mexicana,9,200,gramos,Mantequilla
Pavo relleno. Receta de comida mexicana,9,1,gusto,Sal
Pavo relleno. Receta de comida mexicana,9,1,gusto,Pimienta negra molida
Pavo relleno. Receta de comida mexicana,9,250,mililitros,Aceite
Pavo relleno. Receta de comida mexicana,9,300,gramos,Tocino
Pavo relleno. Receta de comida mexicana,9,3,piezas,Cebolla
Pavo relleno. Receta de comida mexicana,9,300,gramos,Almendra
Pavo relleno. Receta de comida mexicana,9,1,cabeza,Ajo
Pavo relleno. Receta de comida mexicana,9,750,gramos,Carne de res molida
Pavo relleno. Receta de comida mexicana,9,750,gramos,Carne de cerdo molida
Pavo relleno. Receta de comida mexicana,9,1,pizca,Tomillo
Pavo relleno. Receta de comida mexicana,9,5,ramas,Perejil
Pavo relleno. Receta de comida mexicana,9,300,gramos,Ciruelas pasas
Pavo relleno. Receta de comida mexicana,9,100,mililitros,Brandy
Pavo relleno. Receta de comida mexicana,9,250,mililitros,Crema
Pavo relleno. Receta de comida mexicana,9,2,piezas,Huevos
Pavo relleno. Receta de comida mexicana,9,50,mililitros,Vinagre
Pavo relleno. Receta de comida mexicana,9,300,gramos,Nuez
Romeritos. Receta de comida mexicana,6,1,kilo,Romeritos
Romeritos. Receta de comida mexicana,6,2,piezas,Huevos
Romeritos. Receta de comida mexicana,6,100,gramos,Pan molido
Romeritos. Receta de comida mexicana,6,250,gramos,Mole en pasta
Romeritos. Receta de comida mexicana,6,2,tazas,Caldo de pollo
Romeritos. Receta de comida mexicana,6,2,piezas,Papas
Romeritos. Receta de comida mexicana,6,100,gramos,Camarones secos
Romeritos. Receta de comida mexicana,6,1,gusto,Sal
Cochinita pibil Yucateca. Receta mexicana,8,1/2,kilo,Lomo de puerco con costilla
Cochinita pibil Yucateca. Receta mexicana,8,200,gramos,Pasta de achiote
Cochinita pibil Yucateca. Receta mexicana,8,2,piezas,Naranja dulce
Cochinita pibil Yucateca. Receta mexicana,8,1/2,taza,Vinagre blanco
Cochinita pibil Yucateca. Receta mexicana,8,1/4,cucharadita,Comino en polvo
Cochinita pibil Yucateca. Receta mexicana,8,1/2,cucharadita,Canela en polvo
Cochinita pibil Yucateca. Receta mexicana,8,1/2,cucharadita,Pimienta negra molida
Cochinita pibil Yucateca. Receta mexicana,8,1/2,cucharadita,Pimienta blanca molida
Cochinita pibil Yucateca. Receta mexicana,8,5,granos,Pimienta entera
Cochinita pibil Yucateca. Receta mexicana,8,2,dientes,Ajo
Cochinita pibil Yucateca. Receta mexicana,8,1,cucharadita,Sal
Cochinita pibil Yucateca. Receta mexicana,8,125,gramos,Manteca de cerdo
Cochinita pibil Yucateca. Receta mexicana,8,1,pieza,Cebolla morada
Cochinita pibil Yucateca. Receta mexicana,8,4,piezas,Chile habanero
Cochinita pibil Yucateca. Receta mexicana,8,1/2,manojo,Cilantro
Cochinita pibil Yucateca. Receta mexicana,8,1/2,taza,Jugo de naranja natural
Cochinita pibil Yucateca. Receta mexicana,8,1/2,taza,Vinagre
Cochinita pibil Yucateca. Receta mexicana,8,1,gusto,Sal
Cerdo en salsa verde. Receta sencilla,4,1,kilo,Carne de cerdo
Cerdo en salsa verde. Receta sencilla,4,1/2,kilo,Tomates verdes
Cerdo en salsa verde. Receta sencilla,4,1/2,pieza,Cebolla
Cerdo en salsa verde. Receta sencilla,4,2,dientes,Ajo
Cerdo en salsa verde. Receta sencilla,4,4,piezas,Chile serrano
Cerdo en salsa verde. Receta sencilla,4,4,piezas,Papas
Cerdo en salsa verde. Receta sencilla,4,1,gusto,Sal
Cerdo en salsa verde. Receta sencilla,4,1,taza,Agua
Cerdo en salsa verde. Receta sencilla,4,2,cucharadas,Aceite
Cerdo en salsa verde. Receta sencilla,4,1,taza,Frijoles refritos
Cerdo en salsa verde. Receta sencilla,4,1,gusto,Arroz cocido
Bistec a la mexicana. Receta sencilla,4,1/2,kilo,Bisteces
Bistec a la mexicana. Receta sencilla,4,1/2,kilo,Jitomate
Bistec a la mexicana. Receta sencilla,4,1,taza,Aceite vegetal
Bistec a la mexicana. Receta sencilla,4,1,pizca,Sal
Bistec a la mexicana. Receta sencilla,4,1,pieza,Papa
Albóndigas en chipotle. Receta sencilla,4,400,gramos,Carne de res molida
Albóndigas en chipotle. Receta sencilla,4,1/4,pieza,Cebolla
Albóndigas en chipotle. Receta sencilla,4,2,ramas,Cilantro
Albóndigas en chipotle. Receta sencilla,4,1,pieza,Huevo
Albóndigas en chipotle. Receta sencilla,4,1,cucharadita,Sal
Albóndigas en chipotle. Receta sencilla,4,1/4,taza,Pan molido
Albóndigas en chipotle. Receta sencilla,4,3,cucharadas,Aceite
Albóndigas en chipotle. Receta sencilla,4,3,piezas,Jitomate
Albóndigas en chipotle. Receta sencilla,4,60,gramos,Cebolla
Albóndigas en chipotle. Receta sencilla,4,1,diente,Ajo
Albóndigas en chipotle. Receta sencilla,4,2,cucharadas,Chile chipotle adobado
Albóndigas en chipotle. Receta sencilla,4,1,taza,Caldo de pollo
Albóndigas en chipotle. Receta sencilla,4,1,cucharadita,Sal
Cerdo al jitomate. Receta mexicana,6,1,kilo,Pulpa de cerdo en trozos
Cerdo al jitomate. Receta mexicana,6,1/4,pieza,Cebolla blanca
Cerdo al jitomate. Receta mexicana,6,4,dientes,Ajo
Cerdo al jitomate. Receta mexicana,6,1,hoja,Laurel
Cerdo al jitomate. Receta mexicana,6,1/3,pieza,Cebolla blanca
Cerdo al jitomate. Receta mexicana,6,2,dientes,Ajo
Cerdo al jitomate. Receta mexicana,6,1,pieza,Chile poblano
Cerdo al jitomate. Receta mexicana,6,1/2,kilo,Jitomate maduro
Cerdo al jitomate. Receta mexicana,6,1,taza,Cerveza
Cerdo al jitomate. Receta mexicana,6,1,gusto,Sal
Cerdo al jitomate. Receta mexicana,6,1,gusto,Pimienta
Cerdo al jitomate. Receta mexicana,6,2,ramas,Cilantro
Calabacitas rellenas de jamón y queso. Receta sencilla,6,6,piezas,Calabacitas redondas
Calabacitas rellenas de jamón y queso. Receta sencilla,6,190,gramos,Queso crema
Calabacitas rellenas de jamón y queso. Receta sencilla,6,2,cucharaditas,Aceite
Calabacitas rellenas de jamón y queso. Receta sencilla,6,1/4,pieza,Cebolla
Calabacitas rellenas de jamón y queso. Receta sencilla,6,1,diente,Ajo
Calabacitas rellenas de jamón y queso. Receta sencilla,6,2,piezas,Jitomates
Calabacitas rellenas de jamón y queso. Receta sencilla,6,1/4,taza,Queso manchego rallado
Calabacitas rellenas de jamón y queso. Receta sencilla,6,1,gusto,Sal
Calabacitas rellenas de jamón y queso. Receta sencilla,6,1,gusto,Pimienta negra molida
Nopales capeados rellenos de queso. Receta mexicana,4,1/4,cucharadita,Sal
Nopales capeados rellenos de queso. Receta mexicana,4,1/4,cucharadita,Bicarbonato de sodio
Nopales capeados rellenos de queso. Receta mexicana,4,250,gramos,Queso panela
Nopales capeados rellenos de queso. Receta mexicana,4,1,taza,Harina
Nopales capeados rellenos de queso. Receta mexicana,4,3,piezas,Huevos
Nopales capeados rellenos de queso. Receta mexicana,4,2,tazas,Aceite vegetal
Nopales capeados rellenos de queso. Receta mexicana,4,4,piezas,Jitomates
Nopales capeados rellenos de queso. Receta mexicana,4,1/2,pieza,Cebolla
Nopales capeados rellenos de queso. Receta mexicana,4,2,dientes,Ajo
Nopales capeados rellenos de queso. Receta mexicana,4,1,rama,Cilantro
Nopales capeados rellenos de queso. Receta mexicana,4,1,gusto,Sal
Nopales capeados rellenos de queso. Receta mexicana,4,1,gusto,Pimienta
Nopales capeados rellenos de queso. Receta mexicana,4,1,cucharada,Aceite
Chicharrón en Salsa Verde. Receta mexicana,4,1/4,pieza,Cebolla
Chicharrón en Salsa Verde. Receta mexicana,4,1/2,kilo,Tomate verde
Chicharrón en Salsa Verde. Receta mexicana,4,2,piezas,Chile serrano
Chicharrón en Salsa Verde. Receta mexicana,4,2,ramas,Cilantro
Chicharrón en Salsa Verde. Receta mexicana,4,1,pizca,Sal
Chicharrón en Salsa Verde. Receta mexicana,4,2,cucharadas,Aceite
Chicharrón en Salsa Verde. Receta mexicana,4,1,cubo,Caldo de pollo
Salchichas a la mexicana. Receta fácil,4,1/2,pieza,Cebolla
Salchichas a la mexicana. Receta fácil,4,2,piezas,Jitomates
Salchichas a la mexicana. Receta fácil,4,1,diente,Ajo
Salchichas a la mexicana. Receta fácil,4,2,piezas,Chile serrano
Salchichas a la mexicana. Receta fácil,4,2,cucharadas,Aceite vegetal
Salchichas a la mexicana. Receta fácil,4,1/2,pieza,Cebolla morada
Salchichas a la mexicana. Receta fácil,4,1,pieza,Jitomate
Salchichas a la mexicana. Receta fácil,4,800,gramos,Salchicha
Salchichas a la mexicana. Receta fácil,4,1,gusto,Sal
Salchichas a la mexicana. Receta fácil,4,1,gusto,Pimienta
Chorizo con papas. Receta mexicana fácil,4,250,gramos,Chorizo de cerdo
Chorizo con papas. Receta mexicana fácil,4,2,dientes,Ajo
Chorizo con papas. Receta mexicana fácil,4,2,cucharadas,Aceite
Chorizo con papas. Receta mexicana fácil,4,8,tazas,Agua
Chorizo con papas. Receta mexicana fácil,4,1,cucharada,Sal
Calabacitas a la mexicana con elote. Receta mexicana,4,3,piezas,Jitomate finamente picado
Calabacitas a la mexicana con elote. Receta mexicana,4,2,tazas,Calabacitas picadas en cubos medianos
Calabacitas a la mexicana con elote. Receta mexicana,4,1,taza,Granos de elotes
Calabacitas a la mexicana con elote. Receta mexicana,4,1/2,pieza,Cebolla finamente picada
Calabacitas a la mexicana con elote. Receta mexicana,4,1,pieza,Ajo finamente picado
Calabacitas a la mexicana con elote. Receta mexicana,4,1,gusto,Sal
Salchichas botaneras. Receta mexicana rápida,4,2,pieza,Jitomate
Salchichas botaneras. Receta mexicana rápida,4,1,rama,Cilantro
Salchichas botaneras. Receta mexicana rápida,4,2,cucharadas,Sazonador de pollo
Salchichas botaneras. Receta mexicana rápida,4,6,cucharadas,Margarina sin sal
Tortitas de atún. Receta mexicana rápida,4,2,piezas,Huevos
Tortitas de atún. Receta mexicana rápida,4,1,taza,Pan molido
Tortitas de atún. Receta mexicana rápida,4,1,gusto,Aceite
Tortitas de atún. Receta mexicana rápida,4,1,gusto,Sal
Tortitas de atún. Receta mexicana rápida,4,1,gusto,Pimienta